<?xml version="1.0" encoding="UTF-8"?>
<beans xmlns="http://www.springframework.org/schema/beans"
	xmlns:xsi="http://www.w3.org/2001/XMLSchema-instance"
	xmlns:mybatis-spring="http://mybatis.org/schema/mybatis-spring"
	xmlns:tx="http://www.springframework.org/schema/tx"
	xsi:schemaLocation="http://mybatis.org/schema/mybatis-spring http://mybatis.org/schema/mybatis-spring-1.2.xsd
		http://www.springframework.org/schema/beans https://www.springframework.org/schema/beans/spring-beans.xsd
		http://www.springframework.org/schema/tx http://www.springframework.org/schema/tx/spring-tx-4.3.xsd">
	
	<!-- Root Context: defines shared resources visible to all other web components -->
    <!-- IOC 컨테이너 -->
   <!--  <bean id="dataSource" class="org.springframework.jdbc.datasource.DriverManagerDataSource">
    	<property name="driverClassName" value="oracle.jdbc.driver.OracleDriver"></property>
    	<property name="url" value="jdbc:oracle:thin:@localhost:1521:xe"></property>
    	<property name="username" value="c##smart01"/>
    	<property name="password" value="oracle01"></property>
    </bean>
    <bean id="sqlSessionFactory" class="org.mybatis.spring.SqlSessionFactoryBean">
     <property name="dataSource" ref="dataSource"></property>
     <property name="configLocation" value="classpath:mybatis-config.xml"></property>
     <property name="mapperLocations" value="classpath:/mapper/*Mapper.xml"></property>
    </bean>
    
    트랜젝션 처리를 위한 마이바티스 객체 생성
    <bean id="transactionManager" class="org.springframework.jdbc.datasource.DataSourceTransactionManager">
    	<property name="dataSource" ref="dataSource"></property>
    </bean>
    
    @Transactionnal 이용시 
    <tx:annotation-driven transaction-manager="transactionManager" proxy-target-class="true"/>
    <mybatis-spring:scan base-package="com.smart.home.dao"/> -->
    
</beans>
