<?xml version="1.0" encoding="UTF-8"?>
<!DOCTYPE mapper
  PUBLIC "-//mybatis.org//DTD Mapper 3.0//EN"
  "https://mybatis.org/dtd/mybatis-3-mapper.dtd">
<mapper namespace="com.smart.home.dao.PayDAO">
	<select resultType="int" id="GetDeposit">
		select memberdeposit from members
		where memberid=#{param1}
	</select>
	<insert id="DepositInsert">
		insert into DepositTransactions(DepositTransNo, memberId, depositAmount, 
		DepositPayDate, DepositContent, DepositBalance)
		values(DepositTransNo_seq.nextval, #{memberId}, 
		${depositAmount}, sysdate, #{depositContent}, ${depositBalance})
	</insert>
	
	<select id="GetPayList" resultType="com.smart.home.dto.PayDTO">
		select * from DepositTransactions
		where memberid=#{param1}
	</select>
	
	<update id="MemberDepositUpdate">
	update members set MemberDeposit=MemberDeposit+${depositAmount}
	where memberid=#{memberId}
	</update>
</mapper>